,area,area_title,occ_code,occ_title,o_group,tot_emp_20,jobs_1000_20,h_mean_20,a_mean_20,tot_emp_21,jobs_1000_21,h_mean_21,a_mean_21,tot_emp_22,jobs_1000_22,h_mean_22,a_mean_22,tot_emp_23,jobs_1000_23,h_mean_23,a_mean_23,tot_emp_24,jobs_1000_24,h_mean_24,a_mean_24
0,1.0,Alabama,15-1211,Computer Systems Analysts,detailed,4900.0,2.574,44.97,93530.0,4360.0,2.261,49.56,103080.0,4880.0,2.436,52.43,109060.0,5950.0,2.897,52.18,108520.0,6830.0,3.268,54.06,112430.0
1,1.0,Alabama,15-1221,Computer and Information Research Scientists,detailed,380.0,0.201,60.84,126550.0,210.0,0.108,56.92,118390.0,,,48.65,101190.0,480.0,0.235,50.66,105360.0,540.0,0.258,52.41,109020.0
2,1.0,Alabama,15-1242,Database Administrators,detailed,,,,,2210.0,1.149,39.78,82730.0,1740.0,0.868,41.87,87090.0,1550.0,0.756,43.03,89510.0,1990.0,0.953,44.68,92930.0
3,1.0,Alabama,15-1243,Database Architects,detailed,,,,,360.0,0.186,59.5,123770.0,310.0,0.156,57.5,119590.0,310.0,0.149,55.0,114400.0,310.0,0.147,56.5,117510.0
4,1.0,Alabama,15-2031,Operations Research Analysts,detailed,560.0,0.292,49.09,102100.0,550.0,0.285,50.53,105110.0,510.0,0.257,52.48,109160.0,570.0,0.28,54.04,112400.0,500.0,0.241,56.91,118370.0
5,1.0,Alabama,15-2041,Statisticians,detailed,210.0,0.11,31.73,65990.0,180.0,0.092,32.93,68500.0,180.0,0.09,36.17,75230.0,210.0,0.104,37.16,77300.0,200.0,0.095,36.96,76870.0
6,1.0,Alabama,15-2051,Data Scientists,detailed,,,,,520.0,0.271,40.61,84470.0,,,44.03,91570.0,1120.0,0.547,47.61,99040.0,1620.0,0.773,49.51,102970.0
7,1.0,Alabama,15-2099,"Mathematical Science Occupations, All Other",detailed,,,,,,,20.52,42690.0,40.0,0.018,23.79,49470.0,30.0,0.015,22.38,46540.0,,,,
8,2.0,Alaska,15-1211,Computer Systems Analysts,detailed,440.0,1.473,41.79,86930.0,270.0,0.926,45.73,95120.0,370.0,1.201,46.68,97090.0,430.0,1.382,42.41,88210.0,490.0,1.524,44.13,91780.0
9,2.0,Alaska,15-1242,Database Administrators,detailed,,,,,110.0,0.386,44.36,92280.0,110.0,0.347,44.25,92040.0,90.0,0.292,43.45,90370.0,90.0,0.268,46.44,96600.0
10,2.0,Alaska,15-1243,Database Architects,detailed,,,,,40.0,0.118,47.76,99330.0,50.0,0.16,52.35,108900.0,50.0,0.168,60.41,125650.0,40.0,0.129,53.64,111570.0
11,2.0,Alaska,15-2031,Operations Research Analysts,detailed,120.0,0.391,36.49,75900.0,110.0,0.384,40.02,83240.0,90.0,0.287,41.77,86890.0,90.0,0.277,46.83,97410.0,60.0,0.19,49.44,102840.0
12,2.0,Alaska,15-2041,Statisticians,detailed,70.0,0.25,43.89,91280.0,70.0,0.224,46.16,96010.0,50.0,0.163,49.69,103360.0,50.0,0.153,48.91,101730.0,60.0,0.178,43.51,90500.0
13,2.0,Alaska,15-2051,Data Scientists,detailed,,,,,120.0,0.41,50.55,105150.0,150.0,0.483,49.91,103810.0,200.0,0.638,44.09,91710.0,210.0,0.651,42.64,88690.0
14,2.0,Alaska,15-2099,"Mathematical Science Occupations, All Other",detailed,,,,,100.0,0.321,35.01,72830.0,90.0,0.284,35.11,73020.0,90.0,0.286,35.94,74760.0,,,37.02,77000.0
15,4.0,Arizona,15-1211,Computer Systems Analysts,detailed,11770.0,4.153,44.16,91840.0,11270.0,3.912,47.34,98470.0,14260.0,4.704,51.47,107070.0,11860.0,3.788,48.32,100510.0,10010.0,3.13,51.41,106930.0
16,4.0,Arizona,15-1221,Computer and Information Research Scientists,detailed,200.0,0.069,56.09,116670.0,250.0,0.086,71.2,148090.0,320.0,0.105,60.24,125300.0,360.0,0.114,70.92,147500.0,420.0,0.13,76.01,158100.0
17,4.0,Arizona,15-1242,Database Administrators,detailed,,,,,1760.0,0.61,45.19,93990.0,1960.0,0.647,47.78,99370.0,1510.0,0.483,50.23,104470.0,1330.0,0.415,46.8,97340.0
18,4.0,Arizona,15-1243,Database Architects,detailed,,,,,1030.0,0.356,52.24,108660.0,1100.0,0.362,58.92,122560.0,1040.0,0.334,58.21,121080.0,850.0,0.267,64.94,135080.0
19,4.0,Arizona,15-2031,Operations Research Analysts,detailed,1680.0,0.594,39.8,82770.0,1450.0,0.503,37.66,78330.0,2130.0,0.703,33.01,68660.0,2600.0,0.83,38.32,79700.0,2170.0,0.678,41.59,86510.0
20,4.0,Arizona,15-2041,Statisticians,detailed,530.0,0.186,46.06,95800.0,360.0,0.125,46.85,97450.0,880.0,0.29,40.89,85060.0,450.0,0.143,45.23,94080.0,360.0,0.112,49.08,102090.0
21,4.0,Arizona,15-2051,Data Scientists,detailed,,,,,2420.0,0.838,46.63,96990.0,2860.0,0.944,50.11,104220.0,3800.0,1.216,54.07,112470.0,4080.0,1.275,54.07,112460.0
22,4.0,Arizona,15-2099,"Mathematical Science Occupations, All Other",detailed,,,,,,,,,,,,,,,,,30.0,0.01,42.59,88580.0
23,5.0,Arkansas,15-1211,Computer Systems Analysts,detailed,2730.0,2.319,35.19,73190.0,2600.0,2.184,34.62,72010.0,2430.0,1.977,39.68,82530.0,2620.0,2.064,40.54,84330.0,3600.0,2.791,33.8,70300.0
24,5.0,Arkansas,15-1221,Computer and Information Research Scientists,detailed,60.0,0.049,60.15,125120.0,,,,,,,,,,,,,,,,
25,5.0,Arkansas,15-1242,Database Administrators,detailed,,,,,390.0,0.324,36.91,76760.0,400.0,0.321,37.29,77560.0,490.0,0.384,43.83,91160.0,600.0,0.462,39.8,82780.0
26,5.0,Arkansas,15-1243,Database Architects,detailed,,,,,250.0,0.211,45.84,95350.0,300.0,0.242,46.74,97210.0,290.0,0.225,46.24,96180.0,330.0,0.258,52.59,109380.0
27,5.0,Arkansas,15-2031,Operations Research Analysts,detailed,270.0,0.225,30.33,63080.0,270.0,0.223,31.94,66420.0,220.0,0.179,35.18,73160.0,140.0,0.108,36.07,75020.0,140.0,0.109,36.38,75670.0
28,5.0,Arkansas,15-2041,Statisticians,detailed,470.0,0.4,,,490.0,0.414,45.21,94030.0,,,,,,,,,,,,
29,5.0,Arkansas,15-2051,Data Scientists,detailed,,,,,250.0,0.214,,,,,,,330.0,0.263,56.37,117250.0,470.0,0.366,50.27,104560.0
30,6.0,California,15-1211,Computer Systems Analysts,detailed,62640.0,3.813,55.66,115760.0,57910.0,3.503,57.44,119460.0,55160.0,3.128,62.18,129330.0,49930.0,2.782,62.22,129420.0,55460.0,3.071,63.91,132940.0
31,6.0,California,15-1221,Computer and Information Research Scientists,detailed,7170.0,0.436,72.52,150830.0,8140.0,0.493,,,7510.0,0.426,111.64,232210.0,7560.0,0.421,90.11,187420.0,8570.0,0.475,78.79,163890.0
32,6.0,California,15-1242,Database Administrators,detailed,,,,,8200.0,0.496,51.08,106250.0,7830.0,0.444,54.92,114240.0,8070.0,0.45,55.95,116380.0,8360.0,0.463,57.24,119060.0
33,6.0,California,15-1243,Database Architects,detailed,,,,,7730.0,0.468,62.65,130310.0,4810.0,0.273,73.54,152960.0,6120.0,0.341,78.2,162660.0,5850.0,0.324,78.28,162820.0
34,6.0,California,15-2031,Operations Research Analysts,detailed,8940.0,0.544,52.09,108350.0,7250.0,0.438,47.7,99220.0,8620.0,0.489,48.9,101720.0,20100.0,1.12,44.3,92150.0,11030.0,0.611,52.03,108220.0
35,6.0,California,15-2041,Statisticians,detailed,4910.0,0.299,53.87,112050.0,3120.0,0.189,54.98,114360.0,3030.0,0.172,65.49,136210.0,2800.0,0.156,62.16,129290.0,2810.0,0.155,62.76,130530.0
36,6.0,California,15-2051,Data Scientists,detailed,,,,,17750.0,1.074,64.0,133110.0,29420.0,1.668,70.86,147390.0,33220.0,1.851,67.54,140490.0,36850.0,2.041,74.74,155450.0
37,6.0,California,15-2099,"Mathematical Science Occupations, All Other",detailed,,,,,230.0,0.014,37.88,78800.0,340.0,0.019,49.66,103300.0,440.0,0.025,66.75,138840.0,220.0,0.012,75.76,157580.0
38,8.0,Colorado,15-1211,Computer Systems Analysts,detailed,11160.0,4.329,50.5,105030.0,10730.0,4.091,52.93,110080.0,9410.0,3.403,57.22,119020.0,9290.0,3.28,56.89,118340.0,7130.0,2.467,61.09,127060.0
39,8.0,Colorado,15-1221,Computer and Information Research Scientists,detailed,380.0,0.147,56.84,118220.0,280.0,0.107,53.24,110740.0,260.0,0.094,56.63,117790.0,350.0,0.125,63.49,132070.0,,,64.03,133180.0
40,8.0,Colorado,15-1242,Database Administrators,detailed,,,,,1820.0,0.693,47.49,98780.0,2200.0,0.797,53.47,111210.0,1950.0,0.689,56.0,116470.0,1400.0,0.484,55.75,115970.0
41,8.0,Colorado,15-1243,Database Architects,detailed,,,,,1750.0,0.669,64.35,133860.0,4580.0,1.657,62.47,129930.0,2180.0,0.769,68.22,141890.0,2140.0,0.74,73.53,152940.0
42,8.0,Colorado,15-2031,Operations Research Analysts,detailed,790.0,0.307,45.03,93660.0,910.0,0.349,48.09,100040.0,1120.0,0.404,46.77,97280.0,960.0,0.338,48.62,101130.0,910.0,0.315,52.58,109360.0
43,8.0,Colorado,15-2041,Statisticians,detailed,1100.0,0.428,41.57,86470.0,1220.0,0.465,44.4,92350.0,1290.0,0.468,44.35,92240.0,1140.0,0.402,48.6,101090.0,920.0,0.318,50.53,105110.0
44,8.0,Colorado,15-2051,Data Scientists,detailed,,,,,3070.0,1.171,50.86,105790.0,3540.0,1.278,56.04,116560.0,5910.0,2.088,57.85,120320.0,6750.0,2.334,56.85,118250.0
45,9.0,Connecticut,15-1211,Computer Systems Analysts,detailed,7150.0,4.643,48.2,100260.0,6320.0,4.017,49.96,103910.0,6430.0,3.943,51.11,106300.0,6610.0,3.978,51.77,107670.0,6050.0,3.599,52.41,109000.0
46,9.0,Connecticut,15-1221,Computer and Information Research Scientists,detailed,60.0,0.036,52.64,109490.0,80.0,0.053,57.31,119200.0,60.0,0.036,60.53,125910.0,50.0,0.03,60.61,126070.0,,,62.12,129200.0
47,9.0,Connecticut,15-1242,Database Administrators,detailed,,,,,1030.0,0.656,50.68,105420.0,890.0,0.543,55.24,114910.0,870.0,0.522,52.86,109950.0,770.0,0.457,49.71,103400.0
48,9.0,Connecticut,15-1243,Database Architects,detailed,,,,,640.0,0.405,62.36,129710.0,640.0,0.392,61.09,127060.0,650.0,0.392,67.6,140610.0,700.0,0.414,71.11,147910.0
49,9.0,Connecticut,15-2031,Operations Research Analysts,detailed,990.0,0.645,42.19,87760.0,910.0,0.578,43.18,89820.0,910.0,0.556,47.15,98070.0,1020.0,0.613,45.91,95490.0,1020.0,0.605,46.5,96720.0
50,9.0,Connecticut,15-2041,Statisticians,detailed,430.0,0.28,47.2,98180.0,440.0,0.28,59.37,123490.0,500.0,0.307,61.84,128630.0,310.0,0.186,58.86,122420.0,320.0,0.189,48.48,100840.0
51,9.0,Connecticut,15-2051,Data Scientists,detailed,,,,,760.0,0.485,49.09,102100.0,950.0,0.58,52.99,110220.0,1190.0,0.714,57.93,120480.0,1630.0,0.972,57.82,120270.0
52,9.0,Connecticut,15-2099,"Mathematical Science Occupations, All Other",detailed,,,,,30.0,0.02,28.16,58570.0,40.0,0.022,,,,,,,,,,
53,10.0,Delaware,15-1211,Computer Systems Analysts,detailed,2300.0,5.406,46.71,97150.0,2120.0,4.878,47.79,99410.0,2140.0,4.69,55.92,116320.0,2660.0,5.658,63.28,131620.0,2940.0,6.174,53.19,110640.0
54,10.0,Delaware,15-1242,Database Administrators,detailed,,,,,730.0,1.685,45.49,94630.0,590.0,1.297,50.3,104620.0,740.0,1.571,50.65,105350.0,730.0,1.534,50.89,105850.0
55,10.0,Delaware,15-1243,Database Architects,detailed,,,,,110.0,0.247,62.69,130390.0,90.0,0.196,68.5,142470.0,70.0,0.159,73.83,153570.0,,,72.14,150060.0
56,10.0,Delaware,15-2031,Operations Research Analysts,detailed,690.0,1.612,43.91,91330.0,710.0,1.619,45.53,94700.0,820.0,1.794,46.92,97600.0,670.0,1.436,51.81,107770.0,600.0,1.254,49.7,103380.0
57,10.0,Delaware,15-2041,Statisticians,detailed,120.0,0.28,47.15,98080.0,60.0,0.13,50.91,105900.0,80.0,0.185,53.68,111650.0,120.0,0.254,58.44,121550.0,90.0,0.189,59.73,124240.0
58,10.0,Delaware,15-2051,Data Scientists,detailed,,,,,370.0,0.853,61.45,127810.0,480.0,1.047,64.1,133320.0,530.0,1.136,62.75,130520.0,540.0,1.129,,
59,11.0,District of Columbia,15-1211,Computer Systems Analysts,detailed,3010.0,4.374,52.15,108470.0,2230.0,3.361,56.76,118050.0,2690.0,3.895,56.97,118500.0,2310.0,3.293,57.71,120030.0,1590.0,2.239,59.48,123720.0
60,11.0,District of Columbia,15-1221,Computer and Information Research Scientists,detailed,400.0,0.587,61.46,127830.0,390.0,0.584,59.26,123260.0,380.0,0.544,61.85,128640.0,300.0,0.431,70.01,145620.0,330.0,0.464,72.02,149800.0
61,11.0,District of Columbia,15-1242,Database Administrators,detailed,,,,,570.0,0.867,50.0,104010.0,610.0,0.879,53.62,111530.0,520.0,0.741,55.99,116470.0,550.0,0.774,57.92,120470.0
62,11.0,District of Columbia,15-1243,Database Architects,detailed,,,,,770.0,1.158,61.63,128190.0,610.0,0.878,68.18,141820.0,560.0,0.803,78.35,162980.0,800.0,1.123,76.22,158550.0
63,11.0,District of Columbia,15-2031,Operations Research Analysts,detailed,1330.0,1.936,56.1,116700.0,2190.0,3.303,43.58,90650.0,1910.0,2.766,49.16,102250.0,2230.0,3.177,55.92,116320.0,2190.0,3.092,59.56,123890.0
64,11.0,District of Columbia,15-2041,Statisticians,detailed,1320.0,1.922,53.83,111970.0,1350.0,2.043,52.01,108180.0,1020.0,1.481,54.86,114100.0,670.0,0.952,61.19,127280.0,610.0,0.859,63.74,132570.0
65,11.0,District of Columbia,15-2051,Data Scientists,detailed,,,,,1380.0,2.087,56.48,117470.0,3200.0,4.638,52.98,110190.0,3100.0,4.419,61.93,128810.0,3580.0,5.047,71.24,148170.0
66,11.0,District of Columbia,15-2099,"Mathematical Science Occupations, All Other",detailed,,,,,,,40.87,85000.0,,,,,220.0,0.307,44.94,93480.0,,,45.64,94940.0
67,12.0,Florida,15-1211,Computer Systems Analysts,detailed,29450.0,3.489,42.29,87960.0,24260.0,2.819,44.58,92720.0,31210.0,3.389,48.53,100940.0,32760.0,3.424,50.99,106050.0,35660.0,3.631,51.27,106640.0
68,12.0,Florida,15-1221,Computer and Information Research Scientists,detailed,1160.0,0.137,57.68,119970.0,1630.0,0.19,63.54,132170.0,3100.0,0.337,63.42,131920.0,1160.0,0.121,63.31,131680.0,1090.0,0.111,58.95,122610.0
69,12.0,Florida,15-1242,Database Administrators,detailed,,,,,4610.0,0.536,45.19,93990.0,5270.0,0.572,48.2,100260.0,4690.0,0.49,50.28,104590.0,4080.0,0.416,49.47,102900.0
70,12.0,Florida,15-1243,Database Architects,detailed,,,,,2040.0,0.237,55.43,115300.0,1770.0,0.192,63.64,132370.0,1860.0,0.195,59.04,122790.0,2040.0,0.208,66.48,138280.0
71,12.0,Florida,15-2031,Operations Research Analysts,detailed,5570.0,0.66,33.96,70640.0,5930.0,0.689,34.02,70760.0,7900.0,0.857,38.73,80550.0,7750.0,0.81,41.47,86260.0,8230.0,0.838,40.59,84420.0
72,12.0,Florida,15-2041,Statisticians,detailed,1270.0,0.15,34.75,72280.0,1120.0,0.13,39.95,83090.0,580.0,0.062,40.3,83820.0,510.0,0.054,41.98,87310.0,620.0,0.063,56.18,116860.0
73,12.0,Florida,15-2051,Data Scientists,detailed,,,,,4590.0,0.533,43.68,90850.0,8190.0,0.889,48.45,100780.0,8400.0,0.878,51.2,106490.0,9480.0,0.965,56.57,117670.0
74,12.0,Florida,15-2099,"Mathematical Science Occupations, All Other",detailed,,,,,30.0,0.004,24.22,50380.0,,,,,,,,,,,,
75,13.0,Georgia,15-1211,Computer Systems Analysts,detailed,18210.0,4.227,44.98,93570.0,14880.0,3.399,48.58,101040.0,15200.0,3.295,49.77,103530.0,12240.0,2.573,50.88,105820.0,12200.0,2.512,51.26,106610.0
76,13.0,Georgia,15-1221,Computer and Information Research Scientists,detailed,720.0,0.166,47.52,98830.0,510.0,0.115,42.54,88480.0,620.0,0.134,40.85,84970.0,620.0,0.13,44.49,92530.0,700.0,0.145,47.42,98640.0
77,13.0,Georgia,15-1242,Database Administrators,detailed,,,,,3850.0,0.879,42.75,88920.0,2950.0,0.639,47.7,99220.0,2860.0,0.601,51.38,106880.0,3020.0,0.623,50.76,105590.0
78,13.0,Georgia,15-1243,Database Architects,detailed,,,,,1920.0,0.44,60.73,126310.0,2970.0,0.643,66.56,138450.0,2790.0,0.587,70.79,147250.0,2930.0,0.603,68.07,141590.0
79,13.0,Georgia,15-2031,Operations Research Analysts,detailed,3630.0,0.843,34.29,71320.0,4420.0,1.009,37.15,77270.0,4760.0,1.032,39.32,81780.0,4600.0,0.966,39.81,82810.0,4450.0,0.915,39.21,81560.0
80,13.0,Georgia,15-2041,Statisticians,detailed,550.0,0.127,51.71,107560.0,410.0,0.094,50.21,104440.0,420.0,0.092,51.89,107920.0,490.0,0.102,54.97,114330.0,550.0,0.114,54.96,114320.0
81,13.0,Georgia,15-2051,Data Scientists,detailed,,,,,4340.0,0.991,50.36,104760.0,5650.0,1.225,51.16,106400.0,6510.0,1.368,51.93,108010.0,7730.0,1.591,53.38,111020.0
82,13.0,Georgia,15-2099,"Mathematical Science Occupations, All Other",detailed,,,,,750.0,0.172,31.69,65920.0,310.0,0.067,38.27,79610.0,180.0,0.039,36.06,75000.0,150.0,0.03,26.35,54810.0
83,15.0,Hawaii,15-1211,Computer Systems Analysts,detailed,1810.0,3.152,38.63,80360.0,1890.0,3.45,42.62,88660.0,1800.0,3.024,44.94,93470.0,1440.0,2.34,44.82,93230.0,1860.0,3.0,44.33,92210.0
84,15.0,Hawaii,15-1221,Computer and Information Research Scientists,detailed,90.0,0.161,54.83,114040.0,80.0,0.144,52.99,110210.0,120.0,0.199,58.1,120840.0,110.0,0.181,66.21,137720.0,90.0,0.145,67.37,140140.0
85,15.0,Hawaii,15-1242,Database Administrators,detailed,,,,,130.0,0.243,44.55,92650.0,130.0,0.221,46.17,96040.0,110.0,0.186,43.41,90300.0,110.0,0.17,46.82,97380.0
86,15.0,Hawaii,15-1243,Database Architects,detailed,,,,,40.0,0.073,43.87,91250.0,50.0,0.081,52.36,108910.0,50.0,0.079,66.2,137690.0,70.0,0.106,72.21,150190.0
87,15.0,Hawaii,15-2031,Operations Research Analysts,detailed,170.0,0.3,42.87,89180.0,390.0,0.707,50.26,104540.0,360.0,0.605,51.88,107920.0,230.0,0.373,48.81,101520.0,110.0,0.185,48.12,100090.0
88,15.0,Hawaii,15-2041,Statisticians,detailed,180.0,0.309,36.13,75140.0,150.0,0.265,34.92,72630.0,110.0,0.179,35.74,74350.0,100.0,0.17,34.95,72700.0,90.0,0.143,40.5,84230.0
89,15.0,Hawaii,15-2051,Data Scientists,detailed,,,,,70.0,0.12,40.48,84200.0,90.0,0.155,49.75,103470.0,150.0,0.239,60.61,126080.0,240.0,0.383,59.87,124530.0
90,16.0,Idaho,15-1211,Computer Systems Analysts,detailed,1630.0,2.272,47.34,98470.0,1860.0,2.458,43.85,91200.0,2500.0,3.14,46.74,97210.0,1910.0,2.325,43.92,91360.0,2230.0,2.643,36.55,76030.0
91,16.0,Idaho,15-1221,Computer and Information Research Scientists,detailed,80.0,0.116,57.83,120280.0,50.0,0.07,56.72,117990.0,60.0,0.07,61.58,128090.0,,,84.31,175360.0,,,78.08,162410.0
92,16.0,Idaho,15-1242,Database Administrators,detailed,,,,,280.0,0.368,36.18,75250.0,320.0,0.396,36.63,76200.0,210.0,0.251,40.15,83500.0,160.0,0.185,42.52,88440.0
93,16.0,Idaho,15-1243,Database Architects,detailed,,,,,80.0,0.105,66.33,137960.0,190.0,0.24,60.8,126450.0,290.0,0.347,64.0,133130.0,350.0,0.416,62.61,130240.0
94,16.0,Idaho,15-2031,Operations Research Analysts,detailed,620.0,0.866,32.91,68450.0,420.0,0.555,33.7,70100.0,300.0,0.371,35.01,72820.0,430.0,0.527,40.69,84620.0,500.0,0.591,41.36,86030.0
95,16.0,Idaho,15-2041,Statisticians,detailed,80.0,0.117,56.34,117190.0,50.0,0.071,45.87,95410.0,50.0,0.066,48.45,100770.0,40.0,0.047,45.92,95510.0,,,,
96,16.0,Idaho,15-2051,Data Scientists,detailed,,,,,150.0,0.195,47.71,99240.0,250.0,0.311,45.92,95520.0,710.0,0.867,60.67,126190.0,980.0,1.157,57.89,120410.0
97,17.0,Illinois,15-1211,Computer Systems Analysts,detailed,30470.0,5.414,45.17,93940.0,25470.0,4.533,45.76,95170.0,20880.0,3.549,48.25,100350.0,20570.0,3.422,49.02,101970.0,22350.0,3.685,46.42,96560.0
98,17.0,Illinois,15-1221,Computer and Information Research Scientists,detailed,370.0,0.065,55.39,115210.0,170.0,0.031,55.79,116040.0,330.0,0.055,54.47,113290.0,190.0,0.032,55.49,115410.0,350.0,0.058,62.2,129370.0
99,17.0,Illinois,15-1242,Database Administrators,detailed,,,,,5380.0,0.957,46.97,97700.0,5000.0,0.849,52.53,109270.0,3370.0,0.561,52.24,108650.0,2290.0,0.378,51.8,107750.0
100,17.0,Illinois,15-1243,Database Architects,detailed,,,,,1390.0,0.247,53.14,110530.0,1520.0,0.258,63.52,132120.0,1500.0,0.249,59.73,124240.0,1460.0,0.241,65.56,136370.0
101,17.0,Illinois,15-2031,Operations Research Analysts,detailed,4270.0,0.758,47.7,99210.0,3970.0,0.707,46.98,97720.0,4360.0,0.741,47.83,99480.0,5320.0,0.886,51.11,106300.0,5020.0,0.828,53.0,110230.0
102,17.0,Illinois,15-2041,Statisticians,detailed,1620.0,0.289,46.69,97110.0,870.0,0.154,50.0,104010.0,380.0,0.065,50.75,105560.0,460.0,0.076,56.33,117170.0,490.0,0.082,58.36,121380.0
103,17.0,Illinois,15-2051,Data Scientists,detailed,,,,,4670.0,0.83,50.0,104010.0,6350.0,1.079,52.82,109870.0,6320.0,1.052,55.69,115840.0,7390.0,1.218,57.22,119010.0
104,17.0,Illinois,15-2099,"Mathematical Science Occupations, All Other",detailed,,,,,560.0,0.1,36.8,76540.0,960.0,0.163,38.24,79540.0,1520.0,0.253,39.3,81750.0,1980.0,0.326,42.39,88180.0
105,18.0,Indiana,15-1211,Computer Systems Analysts,detailed,9520.0,3.261,39.67,82520.0,8910.0,2.987,43.03,89510.0,9340.0,3.022,43.97,91470.0,10900.0,3.454,46.45,96610.0,9540.0,2.994,48.55,100990.0
106,18.0,Indiana,15-1221,Computer and Information Research Scientists,detailed,150.0,0.052,45.59,94830.0,160.0,0.055,49.72,103420.0,160.0,0.051,50.34,104700.0,680.0,0.216,42.68,88770.0,700.0,0.221,43.57,90620.0
107,18.0,Indiana,15-1242,Database Administrators,detailed,,,,,1140.0,0.382,39.42,82000.0,1130.0,0.367,39.24,81630.0,1280.0,0.407,36.6,76130.0,1180.0,0.372,41.1,85480.0
108,18.0,Indiana,15-1243,Database Architects,detailed,,,,,630.0,0.21,46.41,96540.0,540.0,0.176,44.13,91780.0,700.0,0.221,44.8,93180.0,670.0,0.209,63.53,132150.0
109,18.0,Indiana,15-2031,Operations Research Analysts,detailed,1260.0,0.433,35.1,73000.0,1290.0,0.431,36.87,76680.0,1500.0,0.484,39.93,83050.0,1660.0,0.527,42.37,88120.0,1660.0,0.522,44.25,92040.0
110,18.0,Indiana,15-2041,Statisticians,detailed,470.0,0.161,42.95,89340.0,230.0,0.076,,,270.0,0.087,45.76,95190.0,230.0,0.073,50.69,105440.0,240.0,0.075,52.91,110060.0
111,18.0,Indiana,15-2051,Data Scientists,detailed,,,,,2150.0,0.72,36.19,75280.0,2200.0,0.712,37.93,78890.0,2440.0,0.772,44.48,92520.0,3120.0,0.979,44.53,92620.0
112,18.0,Indiana,15-2099,"Mathematical Science Occupations, All Other",detailed,,,,,,,,,,,,,,,,,30.0,0.011,31.34,65180.0
113,19.0,Iowa,15-1211,Computer Systems Analysts,detailed,6400.0,4.357,41.84,87020.0,5100.0,3.436,42.81,89040.0,5050.0,3.319,43.93,91380.0,4770.0,3.088,45.86,95380.0,4490.0,2.874,44.87,93330.0
114,19.0,Iowa,15-1221,Computer and Information Research Scientists,detailed,70.0,0.049,,,,,61.44,127800.0,,,,,40.0,0.028,49.38,102710.0,,,,
115,19.0,Iowa,15-1242,Database Administrators,detailed,,,,,550.0,0.37,43.39,90260.0,440.0,0.288,44.29,92130.0,410.0,0.268,45.14,93890.0,380.0,0.243,48.8,101500.0
116,19.0,Iowa,15-1243,Database Architects,detailed,,,,,210.0,0.139,55.51,115450.0,280.0,0.185,59.98,124760.0,400.0,0.261,62.82,130660.0,280.0,0.182,60.05,124910.0
117,19.0,Iowa,15-2031,Operations Research Analysts,detailed,470.0,0.319,42.14,87650.0,430.0,0.289,35.38,73580.0,290.0,0.191,33.73,70150.0,190.0,0.121,39.73,82640.0,350.0,0.225,43.02,89480.0
118,19.0,Iowa,15-2041,Statisticians,detailed,650.0,0.443,30.57,63580.0,400.0,0.269,30.54,63510.0,260.0,0.172,41.17,85640.0,280.0,0.179,42.12,87610.0,280.0,0.176,43.4,90270.0
119,19.0,Iowa,15-2051,Data Scientists,detailed,,,,,1510.0,1.018,43.98,91470.0,1970.0,1.299,45.28,94190.0,2270.0,1.472,47.38,98550.0,2330.0,1.49,46.78,97300.0
120,19.0,Iowa,15-2099,"Mathematical Science Occupations, All Other",detailed,,,,,,,,,,,,,,,,,50.0,0.029,25.27,52550.0
121,20.0,Kansas,15-1211,Computer Systems Analysts,detailed,4680.0,3.513,36.8,76540.0,4960.0,3.707,39.25,81650.0,5580.0,4.042,40.83,84920.0,5970.0,4.228,48.27,100410.0,4090.0,2.857,49.14,102220.0
122,20.0,Kansas,15-1221,Computer and Information Research Scientists,detailed,130.0,0.096,,,50.0,0.035,43.54,90560.0,50.0,0.033,55.76,115980.0,60.0,0.042,57.44,119470.0,,,,
123,20.0,Kansas,15-1242,Database Administrators,detailed,,,,,580.0,0.433,42.81,89040.0,600.0,0.434,47.63,99070.0,1070.0,0.761,56.57,117660.0,560.0,0.392,56.85,118250.0
124,20.0,Kansas,15-1243,Database Architects,detailed,,,,,190.0,0.139,51.2,106500.0,,,,,440.0,0.31,77.8,161820.0,390.0,0.271,60.09,124980.0
125,20.0,Kansas,15-2031,Operations Research Analysts,detailed,640.0,0.484,42.15,87680.0,530.0,0.398,40.11,83430.0,480.0,0.351,43.3,90060.0,620.0,0.437,45.68,95020.0,550.0,0.388,48.01,99860.0
126,20.0,Kansas,15-2041,Statisticians,detailed,150.0,0.11,48.18,100210.0,90.0,0.069,50.89,105850.0,90.0,0.068,47.86,99560.0,90.0,0.06,49.77,103530.0,50.0,0.036,49.01,101930.0
127,20.0,Kansas,15-2051,Data Scientists,detailed,,,,,190.0,0.139,44.75,93070.0,430.0,0.309,45.63,94920.0,,,51.44,107000.0,340.0,0.237,51.59,107300.0
128,21.0,Kentucky,15-1211,Computer Systems Analysts,detailed,4700.0,2.636,37.33,77640.0,3880.0,2.112,38.61,80300.0,3860.0,2.034,40.51,84250.0,4120.0,2.098,39.92,83040.0,4700.0,2.355,42.84,89100.0
129,21.0,Kentucky,15-1221,Computer and Information Research Scientists,detailed,230.0,0.129,54.12,112570.0,150.0,0.084,48.34,100540.0,270.0,0.14,44.39,92330.0,210.0,0.108,51.58,107290.0,90.0,0.044,45.27,94160.0
130,21.0,Kentucky,15-1242,Database Administrators,detailed,,,,,590.0,0.321,35.9,74680.0,740.0,0.388,39.63,82420.0,690.0,0.351,40.18,83570.0,770.0,0.388,41.58,86490.0
131,21.0,Kentucky,15-1243,Database Architects,detailed,,,,,400.0,0.217,48.2,100260.0,750.0,0.393,47.79,99400.0,690.0,0.35,47.72,99270.0,510.0,0.254,53.08,110400.0
132,21.0,Kentucky,15-2031,Operations Research Analysts,detailed,1200.0,0.671,32.68,67980.0,1010.0,0.55,30.21,62830.0,1040.0,0.545,33.18,69010.0,1090.0,0.555,39.41,81970.0,920.0,0.462,42.78,88980.0
133,21.0,Kentucky,15-2041,Statisticians,detailed,200.0,0.112,38.83,80770.0,150.0,0.08,36.6,76130.0,130.0,0.069,35.56,73960.0,100.0,0.053,48.18,100220.0,90.0,0.045,51.52,107160.0
134,21.0,Kentucky,15-2051,Data Scientists,detailed,,,,,,,38.39,79860.0,,,41.57,86470.0,2080.0,1.058,46.29,96290.0,1700.0,0.852,48.28,100410.0
135,21.0,Kentucky,15-2099,"Mathematical Science Occupations, All Other",detailed,,,,,80.0,0.045,23.42,48700.0,90.0,0.045,24.22,50380.0,70.0,0.038,24.33,50610.0,,,,
136,22.0,Louisiana,15-1211,Computer Systems Analysts,detailed,2360.0,1.308,42.27,87930.0,2290.0,1.275,40.62,84490.0,2270.0,1.229,40.99,85250.0,2430.0,1.314,41.12,85530.0,2510.0,1.313,45.92,95520.0
137,22.0,Louisiana,15-1221,Computer and Information Research Scientists,detailed,130.0,0.073,38.32,79710.0,170.0,0.095,36.35,75600.0,140.0,0.078,43.27,90000.0,110.0,0.062,51.23,106560.0,100.0,0.05,53.49,111260.0
138,22.0,Louisiana,15-1242,Database Administrators,detailed,,,,,320.0,0.176,45.32,94270.0,610.0,0.33,49.43,102810.0,360.0,0.193,44.12,91760.0,240.0,0.127,42.9,89230.0
139,22.0,Louisiana,15-1243,Database Architects,detailed,,,,,,,34.14,71020.0,,,,,110.0,0.058,49.94,103870.0,350.0,0.184,,
140,22.0,Louisiana,15-2031,Operations Research Analysts,detailed,280.0,0.157,38.98,81070.0,240.0,0.133,37.78,78570.0,530.0,0.287,34.91,72620.0,460.0,0.249,35.53,73900.0,730.0,0.384,34.12,70970.0
141,22.0,Louisiana,15-2041,Statisticians,detailed,80.0,0.043,38.69,80480.0,70.0,0.041,35.15,73110.0,90.0,0.051,34.2,71140.0,80.0,0.043,36.49,75890.0,60.0,0.03,37.65,78310.0
142,22.0,Louisiana,15-2051,Data Scientists,detailed,,,,,130.0,0.073,38.21,79470.0,580.0,0.313,34.48,71710.0,920.0,0.497,35.74,74330.0,1120.0,0.585,34.49,71740.0
143,23.0,Maine,15-1211,Computer Systems Analysts,detailed,2080.0,3.613,38.38,79830.0,2020.0,3.41,40.2,83620.0,2460.0,4.031,40.35,83920.0,2420.0,3.893,42.97,89380.0,2600.0,4.093,50.19,104400.0
144,23.0,Maine,15-1242,Database Administrators,detailed,,,,,220.0,0.364,50.41,104840.0,220.0,0.366,46.79,97330.0,240.0,0.392,46.66,97060.0,230.0,0.368,39.53,82210.0
145,23.0,Maine,15-1243,Database Architects,detailed,,,,,160.0,0.273,59.55,123870.0,80.0,0.138,62.73,130480.0,100.0,0.159,57.21,118990.0,250.0,0.389,64.52,134200.0
146,23.0,Maine,15-2031,Operations Research Analysts,detailed,320.0,0.563,35.25,73310.0,390.0,0.658,37.32,77620.0,370.0,0.599,39.39,81930.0,360.0,0.582,47.02,97810.0,360.0,0.572,45.55,94740.0
147,23.0,Maine,15-2041,Statisticians,detailed,90.0,0.157,32.52,67640.0,80.0,0.143,34.51,71790.0,80.0,0.137,39.07,81260.0,30.0,0.055,43.08,89610.0,60.0,0.089,41.15,85590.0
148,23.0,Maine,15-2051,Data Scientists,detailed,,,,,540.0,0.912,43.46,90410.0,800.0,1.311,48.6,101080.0,710.0,1.15,51.62,107370.0,1040.0,1.641,48.99,101890.0
149,24.0,Maryland,15-1211,Computer Systems Analysts,detailed,15650.0,6.204,48.45,100770.0,13150.0,5.165,49.23,102390.0,14440.0,5.469,51.98,108120.0,13800.0,5.153,56.95,118460.0,15090.0,5.495,55.3,115010.0
150,24.0,Maryland,15-1221,Computer and Information Research Scientists,detailed,2630.0,1.043,62.81,130640.0,2220.0,0.87,62.11,129200.0,2160.0,0.818,63.64,132370.0,2310.0,0.862,68.54,142570.0,2750.0,1.0,68.86,143220.0
151,24.0,Maryland,15-1242,Database Administrators,detailed,,,,,2150.0,0.846,48.25,100350.0,2180.0,0.825,56.23,116970.0,1790.0,0.669,56.61,117750.0,2640.0,0.963,59.82,124430.0
152,24.0,Maryland,15-1243,Database Architects,detailed,,,,,620.0,0.242,64.0,133120.0,900.0,0.34,73.19,152230.0,710.0,0.266,72.4,150590.0,1420.0,0.516,68.76,143020.0
153,24.0,Maryland,15-2031,Operations Research Analysts,detailed,4030.0,1.597,50.04,104090.0,4670.0,1.834,50.5,105040.0,4820.0,1.824,51.57,107260.0,3730.0,1.391,54.06,112450.0,4280.0,1.557,51.07,106230.0
154,24.0,Maryland,15-2041,Statisticians,detailed,3250.0,1.288,54.38,113100.0,3380.0,1.328,54.91,114210.0,3240.0,1.226,58.82,122340.0,3020.0,1.129,61.14,127170.0,3070.0,1.118,61.41,127740.0
155,24.0,Maryland,15-2051,Data Scientists,detailed,,,,,2280.0,0.895,56.57,117660.0,2010.0,0.76,57.19,118960.0,2170.0,0.81,60.59,126020.0,3400.0,1.239,65.08,135370.0
156,24.0,Maryland,15-2099,"Mathematical Science Occupations, All Other",detailed,,,,,130.0,0.05,30.38,63190.0,120.0,0.045,38.95,81010.0,110.0,0.041,38.63,80360.0,110.0,0.04,35.48,73790.0
157,25.0,Massachusetts,15-1211,Computer Systems Analysts,detailed,16350.0,4.881,50.27,104570.0,13850.0,4.08,54.03,112380.0,11410.0,3.199,58.22,121100.0,14070.0,3.861,60.04,124870.0,16650.0,4.572,60.67,126190.0
158,25.0,Massachusetts,15-1221,Computer and Information Research Scientists,detailed,500.0,0.149,57.77,120170.0,,,67.06,139490.0,,,73.11,152060.0,,,85.97,178820.0,1800.0,0.495,84.47,175700.0
159,25.0,Massachusetts,15-1242,Database Administrators,detailed,,,,,2670.0,0.786,54.69,113750.0,2300.0,0.644,53.99,112300.0,2220.0,0.609,56.67,117870.0,1940.0,0.532,53.89,112090.0
160,25.0,Massachusetts,15-1243,Database Architects,detailed,,,,,1300.0,0.384,67.57,140540.0,1490.0,0.418,69.6,144770.0,1650.0,0.452,73.48,152850.0,1720.0,0.471,77.4,161000.0
161,25.0,Massachusetts,15-2031,Operations Research Analysts,detailed,2830.0,0.846,44.37,92290.0,3360.0,0.989,43.06,89560.0,3040.0,0.851,42.31,88010.0,3820.0,1.048,46.6,96930.0,4860.0,1.333,47.52,98830.0
162,25.0,Massachusetts,15-2041,Statisticians,detailed,2620.0,0.781,55.86,116180.0,2040.0,0.6,56.12,116740.0,2760.0,0.774,52.92,110080.0,2130.0,0.585,50.65,105360.0,1990.0,0.548,52.33,108850.0
163,25.0,Massachusetts,15-2051,Data Scientists,detailed,,,,,2720.0,0.801,53.63,111550.0,,,57.86,120340.0,7400.0,2.031,60.15,125100.0,9990.0,2.743,67.15,139670.0
164,25.0,Massachusetts,15-2099,"Mathematical Science Occupations, All Other",detailed,,,,,,,70.04,145680.0,160.0,0.046,39.1,81320.0,40.0,0.012,35.38,73590.0,30.0,0.009,44.75,93090.0
165,26.0,Michigan,15-1211,Computer Systems Analysts,detailed,14860.0,3.788,45.6,94860.0,14750.0,3.634,48.12,100080.0,15300.0,3.602,50.17,104360.0,15000.0,3.449,48.8,101510.0,14990.0,3.415,49.24,102420.0
166,26.0,Michigan,15-1221,Computer and Information Research Scientists,detailed,180.0,0.045,43.44,90350.0,200.0,0.049,50.81,105680.0,240.0,0.055,60.59,126030.0,270.0,0.061,57.6,119800.0,300.0,0.069,55.18,114760.0
167,26.0,Michigan,15-1242,Database Administrators,detailed,,,,,1410.0,0.347,40.59,84430.0,1310.0,0.308,41.57,86470.0,1460.0,0.335,44.7,92980.0,1190.0,0.27,46.95,97660.0
168,26.0,Michigan,15-1243,Database Architects,detailed,,,,,680.0,0.169,54.42,113190.0,1180.0,0.278,43.47,90420.0,1290.0,0.296,55.0,114390.0,1150.0,0.262,56.54,117600.0
169,26.0,Michigan,15-2031,Operations Research Analysts,detailed,1810.0,0.46,41.33,85970.0,1220.0,0.301,40.41,84040.0,1220.0,0.287,43.27,90000.0,1280.0,0.294,48.19,100240.0,1050.0,0.239,45.77,95200.0
170,26.0,Michigan,15-2041,Statisticians,detailed,790.0,0.201,37.61,78230.0,580.0,0.143,44.6,92770.0,660.0,0.156,50.36,104740.0,640.0,0.147,52.27,108720.0,590.0,0.134,50.16,104340.0
171,26.0,Michigan,15-2051,Data Scientists,detailed,,,,,2990.0,0.736,41.68,86680.0,3900.0,0.918,44.62,92820.0,4700.0,1.081,46.39,96500.0,6450.0,1.47,49.05,102030.0
172,26.0,Michigan,15-2099,"Mathematical Science Occupations, All Other",detailed,,,,,70.0,0.017,20.64,42930.0,,,,,,,,,50.0,0.011,33.79,70290.0
173,27.0,Minnesota,15-1211,Computer Systems Analysts,detailed,18390.0,6.789,48.21,100280.0,14800.0,5.411,48.66,101200.0,13380.0,4.731,50.85,105760.0,12180.0,4.227,52.38,108940.0,10580.0,3.622,53.53,111350.0
174,27.0,Minnesota,15-1221,Computer and Information Research Scientists,detailed,220.0,0.083,64.1,133340.0,140.0,0.051,61.47,127850.0,40.0,0.016,59.73,124240.0,50.0,0.016,62.71,130440.0,50.0,0.017,65.01,135220.0
175,27.0,Minnesota,15-1242,Database Administrators,detailed,,,,,1720.0,0.63,46.11,95910.0,1460.0,0.515,46.94,97640.0,1140.0,0.394,48.68,101260.0,970.0,0.331,48.56,101010.0
176,27.0,Minnesota,15-1243,Database Architects,detailed,,,,,890.0,0.326,60.23,125270.0,580.0,0.206,58.09,120830.0,790.0,0.276,61.72,128380.0,910.0,0.312,61.41,127730.0
177,27.0,Minnesota,15-2031,Operations Research Analysts,detailed,2870.0,1.059,43.03,89500.0,2230.0,0.815,44.54,92640.0,1970.0,0.698,46.25,96210.0,1470.0,0.512,49.4,102740.0,1300.0,0.447,46.94,97620.0
178,27.0,Minnesota,15-2041,Statisticians,detailed,870.0,0.32,42.61,88620.0,860.0,0.315,42.19,87760.0,930.0,0.328,43.88,91270.0,600.0,0.207,46.15,95980.0,1010.0,0.344,43.66,90810.0
179,27.0,Minnesota,15-2051,Data Scientists,detailed,,,,,1320.0,0.482,51.03,106130.0,1600.0,0.567,53.72,111740.0,2240.0,0.776,57.1,118760.0,3500.0,1.199,56.79,118110.0
180,28.0,Mississippi,15-1211,Computer Systems Analysts,detailed,1990.0,1.847,32.38,67360.0,1970.0,1.791,34.4,71550.0,1650.0,1.456,34.14,71020.0,1610.0,1.4,42.19,87750.0,2040.0,1.755,40.71,84670.0
181,28.0,Mississippi,15-1221,Computer and Information Research Scientists,detailed,310.0,0.286,47.83,99490.0,640.0,0.585,48.58,101050.0,300.0,0.267,50.42,104870.0,290.0,0.253,53.58,111450.0,280.0,0.242,53.54,111360.0
182,28.0,Mississippi,15-1242,Database Administrators,detailed,,,,,270.0,0.247,37.04,77030.0,240.0,0.213,36.53,75980.0,200.0,0.176,39.55,82270.0,230.0,0.2,40.78,84830.0
183,28.0,Mississippi,15-1243,Database Architects,detailed,,,,,120.0,0.113,43.13,89710.0,90.0,0.078,46.28,96260.0,,,38.34,79750.0,110.0,0.093,44.42,92400.0
184,28.0,Mississippi,15-2031,Operations Research Analysts,detailed,290.0,0.274,36.91,76770.0,200.0,0.179,37.13,77240.0,170.0,0.153,40.58,84400.0,160.0,0.143,40.66,84570.0,130.0,0.112,41.54,86390.0
185,28.0,Mississippi,15-2041,Statisticians,detailed,,,,,,,,,,,,,70.0,0.064,29.26,60860.0,70.0,0.062,31.7,65930.0
186,28.0,Mississippi,15-2051,Data Scientists,detailed,,,,,140.0,0.13,39.06,81240.0,,,31.7,65940.0,290.0,0.253,34.72,72220.0,270.0,0.232,37.42,77830.0
187,28.0,Mississippi,15-2099,"Mathematical Science Occupations, All Other",detailed,,,,,,,,,,,,,40.0,0.031,23.61,49100.0,,,,
188,29.0,Missouri,15-1211,Computer Systems Analysts,detailed,10570.0,3.928,40.95,85180.0,8040.0,2.946,43.53,90540.0,7910.0,2.806,47.88,99580.0,7860.0,2.731,46.95,97650.0,7140.0,2.447,45.52,94680.0
189,29.0,Missouri,15-1221,Computer and Information Research Scientists,detailed,260.0,0.098,,,190.0,0.069,48.88,101680.0,450.0,0.159,47.66,99130.0,510.0,0.177,64.04,133200.0,380.0,0.129,60.54,125930.0
190,29.0,Missouri,15-1242,Database Administrators,detailed,,,,,1590.0,0.582,42.11,87580.0,1870.0,0.662,43.54,90560.0,1640.0,0.571,43.59,90660.0,1400.0,0.478,45.67,94990.0
191,29.0,Missouri,15-1243,Database Architects,detailed,,,,,700.0,0.256,52.81,109840.0,1370.0,0.487,51.52,107150.0,1930.0,0.67,51.23,106560.0,1840.0,0.629,54.2,112730.0
192,29.0,Missouri,15-2031,Operations Research Analysts,detailed,1450.0,0.54,38.55,80190.0,940.0,0.343,38.88,80870.0,1380.0,0.488,38.15,79340.0,3070.0,1.068,30.59,63640.0,2010.0,0.688,31.89,66330.0
193,29.0,Missouri,15-2041,Statisticians,detailed,590.0,0.221,36.31,75530.0,620.0,0.226,33.25,69160.0,560.0,0.2,37.98,78990.0,530.0,0.183,36.0,74870.0,550.0,0.187,36.58,76080.0
194,29.0,Missouri,15-2051,Data Scientists,detailed,,,,,2630.0,0.964,43.06,89570.0,4020.0,1.425,39.36,81860.0,3850.0,1.339,42.41,88210.0,4350.0,1.491,45.82,95310.0
195,30.0,Montana,15-1211,Computer Systems Analysts,detailed,650.0,1.422,35.28,73380.0,540.0,1.155,36.29,75490.0,530.0,1.073,39.48,82110.0,580.0,1.155,39.55,82260.0,860.0,1.696,48.48,100840.0
196,30.0,Montana,15-1242,Database Administrators,detailed,,,,,230.0,0.486,34.9,72590.0,200.0,0.408,37.38,77750.0,270.0,0.545,40.26,83750.0,240.0,0.48,39.94,83070.0
197,30.0,Montana,15-1243,Database Architects,detailed,,,,,,,,,30.0,0.063,50.6,105250.0,50.0,0.101,56.36,117220.0,50.0,0.099,59.85,124500.0
198,30.0,Montana,15-2031,Operations Research Analysts,detailed,110.0,0.24,34.56,71890.0,140.0,0.288,34.09,70900.0,130.0,0.26,33.72,70140.0,150.0,0.299,37.49,77970.0,160.0,0.306,36.17,75230.0
199,30.0,Montana,15-2041,Statisticians,detailed,50.0,0.108,32.69,68000.0,40.0,0.076,34.35,71460.0,,,,,40.0,0.088,40.23,83670.0,50.0,0.104,41.62,86570.0
200,30.0,Montana,15-2051,Data Scientists,detailed,,,,,50.0,0.099,37.42,77830.0,90.0,0.192,35.93,74720.0,90.0,0.182,48.73,101350.0,200.0,0.394,53.6,111490.0
201,31.0,Nebraska,15-1211,Computer Systems Analysts,detailed,4040.0,4.286,40.24,83690.0,3750.0,3.917,40.89,85050.0,3450.0,3.559,43.1,89650.0,3570.0,3.567,43.43,90330.0,2250.0,2.211,45.64,94930.0
202,31.0,Nebraska,15-1221,Computer and Information Research Scientists,detailed,50.0,0.055,38.92,80960.0,50.0,0.049,40.7,84660.0,,,,,30.0,0.034,51.46,107030.0,30.0,0.033,56.6,117740.0
203,31.0,Nebraska,15-1242,Database Administrators,detailed,,,,,660.0,0.691,41.96,87280.0,560.0,0.581,43.28,90020.0,570.0,0.57,42.28,87940.0,540.0,0.535,46.19,96080.0
204,31.0,Nebraska,15-1243,Database Architects,detailed,,,,,460.0,0.476,54.33,113000.0,550.0,0.57,56.01,116500.0,700.0,0.697,62.61,130230.0,590.0,0.584,62.38,129750.0
205,31.0,Nebraska,15-2031,Operations Research Analysts,detailed,380.0,0.4,38.16,79380.0,240.0,0.252,43.3,90060.0,200.0,0.204,47.3,98390.0,280.0,0.282,43.53,90540.0,290.0,0.29,46.53,96790.0
206,31.0,Nebraska,15-2041,Statisticians,detailed,210.0,0.223,35.05,72910.0,170.0,0.174,35.61,74070.0,140.0,0.148,38.86,80830.0,150.0,0.15,40.87,85010.0,170.0,0.163,41.38,86080.0
207,31.0,Nebraska,15-2051,Data Scientists,detailed,,,,,800.0,0.835,38.75,80590.0,1310.0,1.346,42.95,89340.0,1780.0,1.775,45.66,94960.0,1850.0,1.817,46.98,97720.0
208,32.0,Nevada,15-1211,Computer Systems Analysts,detailed,1750.0,1.402,43.68,90860.0,1450.0,1.121,45.46,94550.0,1890.0,1.341,48.69,101280.0,1920.0,1.295,51.63,107380.0,2500.0,1.635,48.54,100960.0
209,32.0,Nevada,15-1221,Computer and Information Research Scientists,detailed,,,,,50.0,0.041,58.12,120890.0,,,,,60.0,0.042,59.91,124620.0,70.0,0.048,,
210,32.0,Nevada,15-1242,Database Administrators,detailed,,,,,440.0,0.34,40.72,84700.0,390.0,0.276,43.68,90850.0,560.0,0.376,41.38,86080.0,470.0,0.305,42.29,87960.0
211,32.0,Nevada,15-1243,Database Architects,detailed,,,,,270.0,0.211,43.47,90420.0,250.0,0.176,41.88,87110.0,300.0,0.202,62.74,130500.0,320.0,0.211,59.62,124010.0
212,32.0,Nevada,15-2031,Operations Research Analysts,detailed,210.0,0.171,35.94,74750.0,190.0,0.147,37.68,78370.0,180.0,0.13,41.38,86070.0,310.0,0.207,41.53,86390.0,350.0,0.226,45.13,93880.0
213,32.0,Nevada,15-2041,Statisticians,detailed,170.0,0.138,46.46,96640.0,,,,,40.0,0.028,35.0,72800.0,70.0,0.048,36.35,75600.0,60.0,0.039,41.17,85630.0
214,32.0,Nevada,15-2051,Data Scientists,detailed,,,,,430.0,0.335,46.97,97710.0,850.0,0.6,46.57,96870.0,980.0,0.662,46.54,96800.0,1230.0,0.802,47.51,98820.0
215,33.0,New Hampshire,15-1211,Computer Systems Analysts,detailed,2840.0,4.592,46.15,95990.0,2580.0,4.062,50.71,105470.0,2600.0,3.949,53.81,111930.0,2450.0,3.634,53.59,111470.0,2390.0,3.499,52.69,109600.0
216,33.0,New Hampshire,15-1221,Computer and Information Research Scientists,detailed,60.0,0.094,62.11,129180.0,,,,,50.0,0.081,54.31,112970.0,150.0,0.223,65.9,137070.0,130.0,0.187,66.57,138460.0
217,33.0,New Hampshire,15-1242,Database Administrators,detailed,,,,,250.0,0.401,49.65,103280.0,280.0,0.429,53.69,111680.0,290.0,0.428,49.81,103610.0,230.0,0.34,52.5,109190.0
218,33.0,New Hampshire,15-1243,Database Architects,detailed,,,,,140.0,0.213,47.04,97840.0,290.0,0.448,60.3,125420.0,250.0,0.372,59.21,123150.0,,,,
219,33.0,New Hampshire,15-2031,Operations Research Analysts,detailed,500.0,0.811,46.44,96600.0,370.0,0.587,39.13,81390.0,460.0,0.699,44.86,93310.0,340.0,0.502,43.99,91500.0,230.0,0.333,44.41,92380.0
220,33.0,New Hampshire,15-2041,Statisticians,detailed,70.0,0.118,39.15,81440.0,70.0,0.107,43.57,90620.0,60.0,0.088,46.19,96060.0,50.0,0.081,52.2,108580.0,50.0,0.068,59.27,123280.0
221,33.0,New Hampshire,15-2051,Data Scientists,detailed,,,,,310.0,0.491,46.2,96100.0,620.0,0.94,41.97,87300.0,780.0,1.151,46.79,97330.0,870.0,1.278,49.15,102230.0
222,34.0,New Jersey,15-1211,Computer Systems Analysts,detailed,18550.0,4.904,50.47,104980.0,13010.0,3.38,53.44,111140.0,12260.0,2.984,59.47,123690.0,14970.0,3.563,60.69,126240.0,17290.0,4.067,59.93,124650.0
223,34.0,New Jersey,15-1221,Computer and Information Research Scientists,detailed,1140.0,0.302,63.02,131070.0,1190.0,0.309,63.31,131680.0,1600.0,0.388,57.79,120190.0,1200.0,0.286,64.55,134260.0,1110.0,0.262,70.71,147070.0
224,34.0,New Jersey,15-1242,Database Administrators,detailed,,,,,2320.0,0.603,60.06,124930.0,2400.0,0.584,58.85,122410.0,2080.0,0.495,58.88,122460.0,2060.0,0.485,60.9,126670.0
225,34.0,New Jersey,15-1243,Database Architects,detailed,,,,,1230.0,0.32,66.2,137690.0,1260.0,0.307,70.13,145870.0,1290.0,0.308,76.41,158930.0,2530.0,0.595,69.36,144260.0
226,34.0,New Jersey,15-2031,Operations Research Analysts,detailed,2700.0,0.714,55.0,114410.0,3900.0,1.012,44.87,93330.0,7280.0,1.771,49.26,102450.0,3890.0,0.926,52.4,108990.0,2630.0,0.619,53.84,111990.0
227,34.0,New Jersey,15-2041,Statisticians,detailed,980.0,0.258,56.2,116890.0,910.0,0.237,52.74,109690.0,710.0,0.172,53.21,110680.0,430.0,0.103,58.83,122370.0,550.0,0.129,55.14,114700.0
228,34.0,New Jersey,15-2051,Data Scientists,detailed,,,,,2840.0,0.737,57.81,120240.0,3030.0,0.737,62.49,129980.0,4340.0,1.032,64.49,134140.0,5860.0,1.379,63.36,131800.0
229,34.0,New Jersey,15-2099,"Mathematical Science Occupations, All Other",detailed,,,,,130.0,0.033,41.33,85970.0,40.0,0.009,32.84,68300.0,,,30.33,63080.0,70.0,0.016,30.73,63930.0
230,35.0,New Mexico,15-1211,Computer Systems Analysts,detailed,1600.0,2.036,37.06,77090.0,2060.0,2.657,38.35,79770.0,2220.0,2.713,43.84,91200.0,2480.0,2.937,46.1,95890.0,2500.0,2.905,46.5,96720.0
231,35.0,New Mexico,15-1221,Computer and Information Research Scientists,detailed,710.0,0.902,60.52,125890.0,800.0,1.024,60.09,124980.0,,,73.53,152950.0,,,81.77,170070.0,,,85.77,178400.0
232,35.0,New Mexico,15-1242,Database Administrators,detailed,,,,,590.0,0.756,39.57,82300.0,500.0,0.609,41.42,86150.0,580.0,0.687,46.61,96950.0,520.0,0.609,45.42,94480.0
233,35.0,New Mexico,15-1243,Database Architects,detailed,,,,,190.0,0.25,53.74,111780.0,150.0,0.181,53.24,110740.0,180.0,0.216,57.01,118590.0,130.0,0.148,56.55,117620.0
234,35.0,New Mexico,15-2031,Operations Research Analysts,detailed,350.0,0.447,42.55,88510.0,350.0,0.446,42.79,89000.0,330.0,0.407,44.57,92700.0,480.0,0.565,40.72,84690.0,500.0,0.578,43.91,91340.0
235,35.0,New Mexico,15-2041,Statisticians,detailed,70.0,0.085,35.96,74790.0,190.0,0.25,32.58,67770.0,200.0,0.249,30.14,62700.0,240.0,0.289,31.35,65210.0,360.0,0.413,36.99,76930.0
236,35.0,New Mexico,15-2051,Data Scientists,detailed,,,,,180.0,0.227,38.6,80290.0,330.0,0.398,41.87,87090.0,380.0,0.449,42.65,88720.0,510.0,0.589,41.6,86520.0
237,36.0,New York,15-1211,Computer Systems Analysts,detailed,35890.0,4.129,53.44,111150.0,24120.0,2.782,52.85,109920.0,20810.0,2.285,55.08,114570.0,19760.0,2.104,56.04,116560.0,20950.0,2.196,55.41,115250.0
238,36.0,New York,15-1221,Computer and Information Research Scientists,detailed,960.0,0.11,66.44,138190.0,840.0,0.097,64.26,133660.0,720.0,0.079,72.1,149970.0,740.0,0.079,76.17,158440.0,1320.0,0.138,97.01,201790.0
239,36.0,New York,15-1242,Database Administrators,detailed,,,,,4940.0,0.569,51.57,107260.0,4310.0,0.473,52.48,109150.0,4390.0,0.467,50.11,104230.0,3680.0,0.385,54.36,113070.0
240,36.0,New York,15-1243,Database Architects,detailed,,,,,4420.0,0.51,64.42,134000.0,3860.0,0.423,66.06,137390.0,3780.0,0.403,69.3,144140.0,4180.0,0.438,66.27,137840.0
241,36.0,New York,15-2031,Operations Research Analysts,detailed,6600.0,0.759,51.74,107620.0,5420.0,0.625,48.12,100100.0,6040.0,0.664,52.05,108260.0,5980.0,0.636,53.78,111860.0,6020.0,0.631,56.3,117110.0
242,36.0,New York,15-2041,Statisticians,detailed,1230.0,0.141,50.19,104400.0,1290.0,0.149,61.24,127380.0,1220.0,0.134,66.27,137840.0,1110.0,0.119,67.72,140860.0,1490.0,0.156,70.9,147470.0
243,36.0,New York,15-2051,Data Scientists,detailed,,,,,10050.0,1.159,58.91,122540.0,14760.0,1.62,61.63,128200.0,16390.0,1.745,64.82,134830.0,20070.0,2.103,64.16,133450.0
244,36.0,New York,15-2099,"Mathematical Science Occupations, All Other",detailed,,,,,100.0,0.012,42.8,89030.0,120.0,0.013,42.29,87960.0,100.0,0.011,41.45,86210.0,100.0,0.011,52.03,108230.0
245,37.0,North Carolina,15-1211,Computer Systems Analysts,detailed,25240.0,5.886,46.1,95890.0,23470.0,5.307,47.88,99580.0,23690.0,5.098,48.0,99830.0,26220.0,5.468,53.64,111580.0,25350.0,5.174,53.88,112060.0
246,37.0,North Carolina,15-1221,Computer and Information Research Scientists,detailed,230.0,0.054,46.45,96610.0,170.0,0.039,57.56,119720.0,400.0,0.085,54.83,114040.0,370.0,0.078,59.02,122750.0,790.0,0.162,63.73,132560.0
247,37.0,North Carolina,15-1242,Database Administrators,detailed,,,,,2760.0,0.625,47.36,98500.0,2240.0,0.482,49.18,102300.0,2480.0,0.517,50.23,104480.0,1990.0,0.407,51.03,106140.0
248,37.0,North Carolina,15-1243,Database Architects,detailed,,,,,2080.0,0.471,54.67,113710.0,2800.0,0.602,59.64,124060.0,3330.0,0.695,58.87,122460.0,4060.0,0.829,62.38,129750.0
249,37.0,North Carolina,15-2031,Operations Research Analysts,detailed,2650.0,0.619,45.86,95390.0,1950.0,0.441,44.93,93460.0,2320.0,0.499,45.76,95190.0,2270.0,0.473,47.61,99020.0,2520.0,0.515,47.55,98910.0
250,37.0,North Carolina,15-2041,Statisticians,detailed,1820.0,0.425,49.55,103060.0,1620.0,0.367,53.67,111640.0,1550.0,0.335,57.28,119140.0,1790.0,0.372,57.35,119280.0,1430.0,0.291,61.67,128280.0
251,37.0,North Carolina,15-2051,Data Scientists,detailed,,,,,5050.0,1.143,54.8,113980.0,5350.0,1.151,57.67,119960.0,6640.0,1.385,60.55,125950.0,10140.0,2.071,56.74,118020.0
252,37.0,North Carolina,15-2099,"Mathematical Science Occupations, All Other",detailed,,,,,,,,,,,,,90.0,0.018,60.0,124800.0,110.0,0.022,46.7,97130.0
253,38.0,North Dakota,15-1211,Computer Systems Analysts,detailed,280.0,0.701,42.06,87490.0,200.0,0.497,44.39,92340.0,200.0,0.493,45.93,95540.0,190.0,0.453,48.4,100680.0,180.0,0.42,49.2,102340.0
254,38.0,North Dakota,15-1242,Database Administrators,detailed,,,,,80.0,0.209,32.15,66860.0,110.0,0.261,36.88,76720.0,120.0,0.28,39.74,82660.0,90.0,0.206,41.32,85950.0
255,38.0,North Dakota,15-1243,Database Architects,detailed,,,,,50.0,0.122,46.57,96870.0,50.0,0.122,47.02,97790.0,60.0,0.139,51.08,106250.0,50.0,0.111,54.24,112830.0
256,38.0,North Dakota,15-2031,Operations Research Analysts,detailed,120.0,0.297,38.69,80470.0,160.0,0.397,39.88,82940.0,170.0,0.413,42.65,88710.0,160.0,0.394,42.29,87970.0,140.0,0.325,39.16,81460.0
257,38.0,North Dakota,15-2041,Statisticians,detailed,70.0,0.178,34.35,71450.0,60.0,0.15,35.51,73860.0,50.0,0.127,35.21,73230.0,50.0,0.12,36.38,75670.0,40.0,0.095,39.22,81580.0
258,38.0,North Dakota,15-2051,Data Scientists,detailed,,,,,30.0,0.077,45.31,94230.0,150.0,0.361,44.87,93340.0,240.0,0.567,49.24,102410.0,320.0,0.747,45.25,94130.0
259,39.0,Ohio,15-1211,Computer Systems Analysts,detailed,22960.0,4.468,43.3,90070.0,22420.0,4.311,45.47,94580.0,20170.0,3.753,48.48,100830.0,16530.0,3.023,47.72,99260.0,15490.0,2.802,49.37,102700.0
260,39.0,Ohio,15-1221,Computer and Information Research Scientists,detailed,580.0,0.113,54.1,112530.0,250.0,0.049,56.6,117720.0,170.0,0.031,57.49,119580.0,170.0,0.031,57.47,119540.0,270.0,0.048,62.95,130930.0
261,39.0,Ohio,15-1242,Database Administrators,detailed,,,,,2700.0,0.52,42.83,89080.0,2130.0,0.396,43.85,91200.0,1930.0,0.352,45.61,94860.0,1770.0,0.319,46.35,96400.0
262,39.0,Ohio,15-1243,Database Architects,detailed,,,,,1490.0,0.286,49.94,103880.0,1260.0,0.235,55.7,115860.0,1880.0,0.343,58.47,121620.0,2230.0,0.403,64.02,133170.0
263,39.0,Ohio,15-2031,Operations Research Analysts,detailed,4830.0,0.941,42.99,89430.0,4210.0,0.809,43.76,91020.0,3880.0,0.722,44.95,93490.0,3440.0,0.629,44.83,93250.0,2970.0,0.538,48.64,101160.0
264,39.0,Ohio,15-2041,Statisticians,detailed,970.0,0.189,42.25,87890.0,600.0,0.116,37.51,78020.0,430.0,0.08,40.77,84800.0,350.0,0.064,42.5,88410.0,360.0,0.065,43.8,91090.0
265,39.0,Ohio,15-2051,Data Scientists,detailed,,,,,3320.0,0.639,42.22,87820.0,3650.0,0.68,44.27,92080.0,4660.0,0.852,46.89,97530.0,5510.0,0.996,48.2,100260.0
266,39.0,Ohio,15-2099,"Mathematical Science Occupations, All Other",detailed,,,,,90.0,0.017,48.51,100910.0,50.0,0.009,55.48,115400.0,30.0,0.006,,,,,,
267,40.0,Oklahoma,15-1211,Computer Systems Analysts,detailed,3330.0,2.133,40.85,84970.0,3200.0,2.055,42.56,88530.0,3370.0,2.102,43.18,89800.0,3320.0,1.997,49.74,103460.0,3100.0,1.835,50.42,104880.0
268,40.0,Oklahoma,15-1221,Computer and Information Research Scientists,detailed,,,,,370.0,0.238,41.21,85710.0,440.0,0.276,45.23,94080.0,490.0,0.296,45.88,95430.0,590.0,0.348,47.12,98010.0
269,40.0,Oklahoma,15-1242,Database Administrators,detailed,,,,,1190.0,0.767,35.67,74200.0,1100.0,0.686,38.07,79190.0,780.0,0.468,41.13,85550.0,660.0,0.391,42.03,87430.0
270,40.0,Oklahoma,15-1243,Database Architects,detailed,,,,,380.0,0.242,49.41,102780.0,460.0,0.285,57.84,120310.0,420.0,0.254,57.66,119940.0,730.0,0.432,64.36,133880.0
271,40.0,Oklahoma,15-2031,Operations Research Analysts,detailed,640.0,0.412,36.92,76790.0,400.0,0.254,45.98,95630.0,450.0,0.279,43.82,91140.0,1520.0,0.91,30.66,63760.0,1510.0,0.892,30.67,63790.0
272,40.0,Oklahoma,15-2041,Statisticians,detailed,270.0,0.17,31.95,66450.0,240.0,0.151,27.74,57690.0,130.0,0.081,28.79,59870.0,,,40.39,84000.0,40.0,0.023,45.44,94520.0
273,40.0,Oklahoma,15-2051,Data Scientists,detailed,,,,,1140.0,0.729,38.48,80040.0,1740.0,1.087,42.21,87810.0,2130.0,1.281,44.72,93020.0,2160.0,1.276,43.24,89940.0
274,40.0,Oklahoma,15-2099,"Mathematical Science Occupations, All Other",detailed,,,,,40.0,0.023,,,,,,,,,,,,,,
275,41.0,Oregon,15-1211,Computer Systems Analysts,detailed,6180.0,3.417,47.97,99770.0,7030.0,3.85,51.6,107320.0,5870.0,3.095,54.64,113640.0,4760.0,2.449,56.93,118410.0,5030.0,2.558,58.11,120860.0
276,41.0,Oregon,15-1221,Computer and Information Research Scientists,detailed,220.0,0.12,66.23,137760.0,560.0,0.308,80.02,166450.0,540.0,0.283,91.3,189910.0,790.0,0.408,85.96,178790.0,660.0,0.337,101.45,211010.0
277,41.0,Oregon,15-1242,Database Administrators,detailed,,,,,780.0,0.428,47.11,97980.0,760.0,0.4,47.97,99770.0,910.0,0.468,49.55,103070.0,930.0,0.473,50.5,105050.0
278,41.0,Oregon,15-1243,Database Architects,detailed,,,,,520.0,0.285,57.25,119070.0,560.0,0.295,60.19,125200.0,540.0,0.279,63.68,132460.0,710.0,0.361,70.93,147530.0
279,41.0,Oregon,15-2031,Operations Research Analysts,detailed,1230.0,0.678,42.77,88960.0,1480.0,0.813,42.38,88150.0,1530.0,0.806,44.62,92820.0,1850.0,0.952,47.64,99080.0,2590.0,1.32,48.87,101650.0
280,41.0,Oregon,15-2041,Statisticians,detailed,670.0,0.369,38.12,79290.0,550.0,0.302,40.66,84570.0,560.0,0.294,40.96,85190.0,600.0,0.309,42.14,87650.0,610.0,0.309,45.63,94920.0
281,41.0,Oregon,15-2051,Data Scientists,detailed,,,,,1280.0,0.7,53.48,111240.0,1610.0,0.848,53.41,111090.0,2640.0,1.36,59.85,124480.0,2650.0,1.349,59.65,124060.0
282,42.0,Pennsylvania,15-1211,Computer Systems Analysts,detailed,20170.0,3.659,46.18,96050.0,17660.0,3.163,46.06,95800.0,20080.0,3.456,46.03,95740.0,19630.0,3.3,44.73,93040.0,15400.0,2.561,47.88,99590.0
283,42.0,Pennsylvania,15-1221,Computer and Information Research Scientists,detailed,390.0,0.071,53.07,110380.0,680.0,0.121,59.95,124700.0,460.0,0.08,70.13,145870.0,460.0,0.077,70.95,147580.0,400.0,0.067,61.92,128790.0
284,42.0,Pennsylvania,15-1242,Database Administrators,detailed,,,,,4070.0,0.729,39.42,82000.0,2660.0,0.457,43.07,89590.0,2820.0,0.474,48.15,100160.0,5000.0,0.831,50.53,105100.0
285,42.0,Pennsylvania,15-1243,Database Architects,detailed,,,,,2530.0,0.454,51.19,106480.0,2940.0,0.506,57.78,120180.0,2290.0,0.386,58.63,121960.0,2240.0,0.372,62.56,130130.0
286,42.0,Pennsylvania,15-2031,Operations Research Analysts,detailed,3260.0,0.592,41.86,87060.0,3240.0,0.58,39.15,81420.0,2320.0,0.4,38.11,79260.0,2420.0,0.406,39.48,82110.0,3030.0,0.504,41.1,85490.0
287,42.0,Pennsylvania,15-2041,Statisticians,detailed,2720.0,0.494,44.55,92670.0,1730.0,0.31,41.03,85340.0,1920.0,0.33,43.05,89540.0,2350.0,0.394,46.54,96810.0,2190.0,0.364,47.61,99020.0
288,42.0,Pennsylvania,15-2051,Data Scientists,detailed,,,,,4310.0,0.772,44.6,92760.0,6370.0,1.097,46.12,95940.0,7490.0,1.259,49.22,102370.0,10430.0,1.734,51.66,107450.0
289,42.0,Pennsylvania,15-2099,"Mathematical Science Occupations, All Other",detailed,,,,,,,,,,,,,50.0,0.009,,,60.0,0.009,30.75,63970.0
290,44.0,Rhode Island,15-1211,Computer Systems Analysts,detailed,2120.0,4.781,47.6,99010.0,2110.0,4.607,51.72,107570.0,2040.0,4.261,50.32,104660.0,1590.0,3.258,54.56,113490.0,1560.0,3.157,57.83,120290.0
291,44.0,Rhode Island,15-1221,Computer and Information Research Scientists,detailed,440.0,1.004,53.33,110930.0,430.0,0.948,53.97,112250.0,450.0,0.949,55.86,116180.0,460.0,0.935,57.52,119640.0,490.0,0.983,59.7,124170.0
292,44.0,Rhode Island,15-1242,Database Administrators,detailed,,,,,320.0,0.709,51.46,107040.0,280.0,0.583,55.45,115340.0,280.0,0.568,51.76,107670.0,320.0,0.645,50.05,104100.0
293,44.0,Rhode Island,15-1243,Database Architects,detailed,,,,,,,,,40.0,0.085,60.77,126390.0,100.0,0.202,56.98,118510.0,190.0,0.389,71.8,149350.0
294,44.0,Rhode Island,15-2031,Operations Research Analysts,detailed,390.0,0.877,43.57,90620.0,360.0,0.785,,,170.0,0.355,39.23,81610.0,220.0,0.451,37.38,77740.0,270.0,0.538,52.68,109570.0
295,44.0,Rhode Island,15-2041,Statisticians,detailed,30.0,0.072,48.68,101250.0,,,,,,,,,40.0,0.085,43.81,91120.0,50.0,0.092,44.06,91650.0
296,44.0,Rhode Island,15-2051,Data Scientists,detailed,,,,,410.0,0.888,49.98,103950.0,620.0,1.286,56.53,117570.0,900.0,1.848,61.24,127380.0,1190.0,2.412,57.41,119400.0
297,45.0,South Carolina,15-1211,Computer Systems Analysts,detailed,8390.0,4.164,40.12,83450.0,8300.0,4.016,40.67,84600.0,8340.0,3.876,45.44,94520.0,7720.0,3.474,49.17,102270.0,7290.0,3.21,47.4,98600.0
298,45.0,South Carolina,15-1221,Computer and Information Research Scientists,detailed,430.0,0.215,49.16,102260.0,430.0,0.206,51.18,106440.0,430.0,0.202,52.39,108960.0,470.0,0.209,53.53,111350.0,440.0,0.196,56.79,118120.0
299,45.0,South Carolina,15-1242,Database Administrators,detailed,,,,,610.0,0.297,39.99,83180.0,750.0,0.348,44.57,92710.0,790.0,0.357,48.76,101420.0,660.0,0.293,48.02,99890.0
300,45.0,South Carolina,15-1243,Database Architects,detailed,,,,,380.0,0.181,48.64,101170.0,540.0,0.249,55.79,116040.0,850.0,0.384,60.74,126340.0,730.0,0.322,61.7,128340.0
301,45.0,South Carolina,15-2031,Operations Research Analysts,detailed,900.0,0.444,41.11,85500.0,630.0,0.307,41.36,86020.0,870.0,0.405,40.09,83380.0,960.0,0.431,41.57,86460.0,1210.0,0.532,39.48,82120.0
302,45.0,South Carolina,15-2041,Statisticians,detailed,310.0,0.153,34.51,71780.0,240.0,0.116,32.87,68370.0,270.0,0.127,35.29,73390.0,230.0,0.104,37.13,77230.0,310.0,0.137,33.73,70160.0
303,45.0,South Carolina,15-2051,Data Scientists,detailed,,,,,600.0,0.289,48.37,100620.0,1180.0,0.548,48.34,100550.0,2090.0,0.942,48.46,100790.0,2810.0,1.239,46.62,96970.0
304,45.0,South Carolina,15-2099,"Mathematical Science Occupations, All Other",detailed,,,,,,,,,,,,,,,26.76,55650.0,,,25.4,52820.0
305,46.0,South Dakota,15-1211,Computer Systems Analysts,detailed,850.0,2.066,37.87,78780.0,820.0,1.935,38.48,80050.0,890.0,2.042,43.59,90660.0,1010.0,2.27,47.77,99350.0,1050.0,2.322,49.06,102040.0
306,46.0,South Dakota,15-1242,Database Administrators,detailed,,,,,130.0,0.308,40.04,83280.0,150.0,0.352,38.84,80780.0,150.0,0.347,40.05,83290.0,150.0,0.325,42.12,87610.0
307,46.0,South Dakota,15-1243,Database Architects,detailed,,,,,,,,,,,,,50.0,0.121,55.87,116210.0,60.0,0.122,58.28,121220.0
308,46.0,South Dakota,15-2051,Data Scientists,detailed,,,,,70.0,0.164,42.1,87560.0,110.0,0.264,52.13,108430.0,150.0,0.328,47.09,97940.0,270.0,0.586,44.45,92460.0
309,47.0,Tennessee,15-1211,Computer Systems Analysts,detailed,9860.0,3.395,40.14,83500.0,7460.0,2.496,44.26,92070.0,8450.0,2.708,45.53,94700.0,8460.0,2.629,47.42,98630.0,9820.0,3.0,43.25,89960.0
310,47.0,Tennessee,15-1221,Computer and Information Research Scientists,detailed,270.0,0.092,51.13,106350.0,70.0,0.023,45.91,95500.0,,,64.19,133520.0,70.0,0.022,69.86,145310.0,,,49.85,103690.0
311,47.0,Tennessee,15-1242,Database Administrators,detailed,,,,,1520.0,0.509,42.24,87850.0,1630.0,0.523,50.92,105920.0,1650.0,0.512,50.24,104490.0,1440.0,0.438,48.39,100650.0
312,47.0,Tennessee,15-1243,Database Architects,detailed,,,,,420.0,0.142,55.06,114520.0,320.0,0.103,54.87,114130.0,560.0,0.174,57.47,119530.0,680.0,0.208,60.5,125840.0
313,47.0,Tennessee,15-2031,Operations Research Analysts,detailed,1370.0,0.472,30.63,63710.0,1410.0,0.472,29.42,61190.0,1340.0,0.43,33.66,70010.0,1500.0,0.466,38.13,79310.0,1240.0,0.378,39.91,83020.0
314,47.0,Tennessee,15-2041,Statisticians,detailed,,,37.73,78470.0,540.0,0.182,41.48,86270.0,1080.0,0.346,41.63,86590.0,920.0,0.286,43.09,89630.0,800.0,0.243,44.45,92460.0
315,47.0,Tennessee,15-2051,Data Scientists,detailed,,,,,980.0,0.327,43.62,90720.0,1210.0,0.389,53.88,112070.0,2090.0,0.648,46.97,97710.0,2550.0,0.778,55.21,114830.0
316,47.0,Tennessee,15-2099,"Mathematical Science Occupations, All Other",detailed,,,,,,,,,30.0,0.01,36.96,76880.0,,,31.25,64990.0,,,30.82,64100.0
317,48.0,Texas,15-1211,Computer Systems Analysts,detailed,54770.0,4.525,50.33,104690.0,52790.0,4.317,50.54,105130.0,50320.0,3.873,51.31,106720.0,50680.0,3.738,55.41,115240.0,48150.0,3.477,54.98,114350.0
318,48.0,Texas,15-1221,Computer and Information Research Scientists,detailed,1270.0,0.105,60.72,126290.0,2000.0,0.164,70.28,146180.0,2280.0,0.175,68.62,142740.0,1580.0,0.116,66.99,139340.0,2800.0,0.203,55.71,115880.0
319,48.0,Texas,15-1242,Database Administrators,detailed,,,,,7070.0,0.579,47.56,98910.0,6710.0,0.516,49.96,103910.0,6900.0,0.509,48.31,100490.0,6110.0,0.441,52.56,109330.0
320,48.0,Texas,15-1243,Database Architects,detailed,,,,,4100.0,0.335,61.02,126920.0,7140.0,0.549,70.66,146970.0,5900.0,0.435,67.1,139570.0,6330.0,0.457,65.83,136930.0
321,48.0,Texas,15-2031,Operations Research Analysts,detailed,8880.0,0.734,41.87,87090.0,,,,,12570.0,0.968,50.6,105240.0,11690.0,0.862,46.3,96300.0,12240.0,0.884,48.6,101100.0
322,48.0,Texas,15-2041,Statisticians,detailed,1930.0,0.16,41.95,87250.0,1030.0,0.084,43.25,89960.0,990.0,0.076,42.61,88630.0,1220.0,0.09,49.68,103330.0,1210.0,0.088,53.32,110910.0
323,48.0,Texas,15-2051,Data Scientists,detailed,,,,,5850.0,0.479,54.98,114360.0,13780.0,1.061,49.15,102230.0,20560.0,1.517,52.4,109000.0,23420.0,1.691,55.19,114800.0
324,48.0,Texas,15-2099,"Mathematical Science Occupations, All Other",detailed,,,,,40.0,0.003,22.67,47150.0,50.0,0.004,31.39,65290.0,50.0,0.004,27.45,57100.0,70.0,0.005,45.16,93940.0
325,49.0,Utah,15-1211,Computer Systems Analysts,detailed,3490.0,2.347,37.57,78140.0,2200.0,1.412,,,2840.0,1.746,48.54,100970.0,2960.0,1.766,46.64,97020.0,2810.0,1.641,46.34,96380.0
326,49.0,Utah,15-1221,Computer and Information Research Scientists,detailed,760.0,0.51,43.6,90690.0,780.0,0.501,43.67,90830.0,690.0,0.422,47.29,98360.0,810.0,0.485,47.62,99050.0,870.0,0.511,49.81,103600.0
327,49.0,Utah,15-1242,Database Administrators,detailed,,,,,1400.0,0.901,43.68,90850.0,960.0,0.589,45.48,94610.0,650.0,0.388,46.97,97700.0,800.0,0.468,50.51,105050.0
328,49.0,Utah,15-1243,Database Architects,detailed,,,,,450.0,0.29,50.62,105290.0,,,70.08,145760.0,2090.0,1.244,69.9,145400.0,630.0,0.369,64.65,134470.0
329,49.0,Utah,15-2031,Operations Research Analysts,detailed,1640.0,1.098,35.53,73910.0,1010.0,0.648,36.83,76610.0,1340.0,0.825,36.64,76210.0,1200.0,0.714,39.24,81620.0,1090.0,0.636,40.79,84840.0
330,49.0,Utah,15-2041,Statisticians,detailed,510.0,0.34,35.46,73750.0,330.0,0.213,37.67,78360.0,330.0,0.205,39.43,82010.0,300.0,0.178,42.53,88450.0,,,46.19,96070.0
331,49.0,Utah,15-2051,Data Scientists,detailed,,,,,1790.0,1.154,38.38,79830.0,3070.0,1.886,42.63,88660.0,3530.0,2.105,48.93,101780.0,4830.0,2.827,57.52,119640.0
332,49.0,Utah,15-2099,"Mathematical Science Occupations, All Other",detailed,,,,,60.0,0.036,23.18,48200.0,50.0,0.033,22.52,46850.0,,,,,,,,
333,50.0,Vermont,15-1211,Computer Systems Analysts,detailed,600.0,2.142,41.82,86980.0,710.0,2.515,45.69,95020.0,510.0,1.728,46.43,96580.0,,,,,590.0,1.924,50.21,104440.0
334,50.0,Vermont,15-1242,Database Administrators,detailed,,,,,160.0,0.572,38.64,80360.0,,,,,120.0,0.4,47.8,99430.0,120.0,0.407,48.07,99980.0
335,50.0,Vermont,15-1243,Database Architects,detailed,,,,,,,,,80.0,0.257,58.49,121650.0,70.0,0.23,73.34,152540.0,50.0,0.15,,
336,50.0,Vermont,15-2031,Operations Research Analysts,detailed,160.0,0.574,38.36,79790.0,150.0,0.539,39.14,81420.0,160.0,0.535,37.53,78050.0,110.0,0.359,42.64,88690.0,120.0,0.392,50.02,104040.0
337,50.0,Vermont,15-2041,Statisticians,detailed,100.0,0.343,38.86,80840.0,140.0,0.504,45.48,94590.0,120.0,0.425,39.07,81270.0,120.0,0.387,35.75,74360.0,120.0,0.392,38.2,79450.0
338,50.0,Vermont,15-2051,Data Scientists,detailed,,,,,150.0,0.535,55.88,116220.0,150.0,0.513,,,220.0,0.735,59.82,124430.0,210.0,0.698,57.51,119630.0
339,51.0,Virginia,15-1211,Computer Systems Analysts,detailed,23230.0,6.277,54.49,113340.0,23450.0,6.247,52.92,110070.0,24080.0,6.216,54.83,114050.0,23830.0,5.985,55.68,115820.0,22730.0,5.592,58.11,120880.0
340,51.0,Virginia,15-1221,Computer and Information Research Scientists,detailed,3430.0,0.928,70.59,146830.0,2510.0,0.668,62.35,129680.0,2550.0,0.659,68.02,141490.0,2340.0,0.587,70.13,145860.0,3150.0,0.774,76.68,159480.0
341,51.0,Virginia,15-1242,Database Administrators,detailed,,,,,5230.0,1.393,48.52,100930.0,5650.0,1.458,49.66,103300.0,4780.0,1.202,52.78,109790.0,4210.0,1.035,54.71,113810.0
342,51.0,Virginia,15-1243,Database Architects,detailed,,,,,4340.0,1.156,54.76,113900.0,6860.0,1.771,,,4680.0,1.177,68.89,143300.0,7140.0,1.755,,
343,51.0,Virginia,15-2031,Operations Research Analysts,detailed,7350.0,1.986,51.97,108090.0,6720.0,1.791,56.48,117480.0,6890.0,1.78,58.39,121460.0,7720.0,1.94,58.23,121120.0,6320.0,1.554,58.98,122680.0
344,51.0,Virginia,15-2041,Statisticians,detailed,1230.0,0.333,,,910.0,0.241,46.31,96330.0,980.0,0.252,47.56,98930.0,1090.0,0.274,52.87,109980.0,800.0,0.197,53.73,111760.0
345,51.0,Virginia,15-2051,Data Scientists,detailed,,,,,3650.0,0.974,55.59,115630.0,4500.0,1.163,64.42,133990.0,4810.0,1.209,66.87,139080.0,6200.0,1.525,63.57,132230.0
346,51.0,Virginia,15-2099,"Mathematical Science Occupations, All Other",detailed,,,,,440.0,0.116,59.69,124150.0,340.0,0.088,58.89,122500.0,240.0,0.061,33.62,69920.0,270.0,0.066,36.68,76290.0
347,53.0,Washington,15-1211,Computer Systems Analysts,detailed,19300.0,6.039,52.6,109400.0,14320.0,4.466,53.87,112050.0,16810.0,4.937,61.22,127330.0,20060.0,5.738,63.83,132760.0,18230.0,5.149,64.29,133710.0
348,53.0,Washington,15-1221,Computer and Information Research Scientists,detailed,2190.0,0.685,68.76,143010.0,2360.0,0.735,65.75,136770.0,1180.0,0.347,87.89,182800.0,2940.0,0.841,97.55,202910.0,2590.0,0.731,98.22,204290.0
349,53.0,Washington,15-1242,Database Administrators,detailed,,,,,2310.0,0.721,52.64,109490.0,1840.0,0.54,52.69,109590.0,2050.0,0.586,56.11,116710.0,2190.0,0.618,56.73,118000.0
350,53.0,Washington,15-1243,Database Architects,detailed,,,,,1860.0,0.58,72.32,150430.0,3220.0,0.946,76.76,159650.0,3080.0,0.882,74.25,154430.0,2490.0,0.702,70.93,147540.0
351,53.0,Washington,15-2031,Operations Research Analysts,detailed,2520.0,0.79,47.48,98760.0,1830.0,0.571,47.33,98440.0,2660.0,0.781,43.93,91380.0,2950.0,0.843,49.44,102840.0,2850.0,0.804,50.81,105680.0
352,53.0,Washington,15-2041,Statisticians,detailed,1350.0,0.422,49.77,103520.0,1460.0,0.455,47.8,99430.0,1410.0,0.415,52.68,109570.0,2820.0,0.806,56.07,116630.0,2520.0,0.711,53.85,112000.0
353,53.0,Washington,15-2051,Data Scientists,detailed,,,,,2460.0,0.768,64.38,133900.0,4160.0,1.221,67.68,140780.0,5640.0,1.613,71.5,148730.0,7930.0,2.24,78.24,162730.0
354,53.0,Washington,15-2099,"Mathematical Science Occupations, All Other",detailed,,,,,,,34.25,71250.0,600.0,0.176,33.37,69410.0,370.0,0.105,34.02,70760.0,440.0,0.125,35.29,73400.0
355,54.0,West Virginia,15-1211,Computer Systems Analysts,detailed,1200.0,1.839,39.25,81640.0,730.0,1.11,38.24,79550.0,730.0,1.07,39.36,81870.0,1190.0,1.723,46.84,97420.0,1300.0,1.857,47.67,99150.0
356,54.0,West Virginia,15-1221,Computer and Information Research Scientists,detailed,80.0,0.128,37.25,77480.0,,,,,50.0,0.071,,,50.0,0.068,86.99,180940.0,50.0,0.07,89.91,187000.0
357,54.0,West Virginia,15-1242,Database Administrators,detailed,,,,,290.0,0.448,33.71,70110.0,300.0,0.444,33.74,70180.0,230.0,0.327,35.85,74570.0,230.0,0.328,35.35,73530.0
358,54.0,West Virginia,15-1243,Database Architects,detailed,,,,,60.0,0.092,45.7,95060.0,100.0,0.143,60.63,126100.0,90.0,0.126,49.78,103550.0,270.0,0.388,63.79,132690.0
359,54.0,West Virginia,15-2031,Operations Research Analysts,detailed,390.0,0.603,31.5,65520.0,330.0,0.502,27.41,57010.0,190.0,0.28,31.91,66380.0,230.0,0.34,34.03,70770.0,220.0,0.32,36.31,75510.0
360,54.0,West Virginia,15-2041,Statisticians,detailed,130.0,0.195,36.56,76050.0,160.0,0.238,29.06,60440.0,110.0,0.157,31.38,65270.0,80.0,0.111,37.06,77080.0,90.0,0.128,40.6,84450.0
361,54.0,West Virginia,15-2051,Data Scientists,detailed,,,,,90.0,0.142,30.94,64360.0,70.0,0.106,34.88,72550.0,180.0,0.266,45.35,94330.0,220.0,0.32,49.41,102770.0
362,55.0,Wisconsin,15-1211,Computer Systems Analysts,detailed,11680.0,4.308,40.83,84930.0,10740.0,3.898,46.31,96330.0,10870.0,3.858,49.69,103340.0,8460.0,2.932,46.26,96220.0,7710.0,2.636,47.83,99490.0
363,55.0,Wisconsin,15-1221,Computer and Information Research Scientists,detailed,,,48.19,100230.0,110.0,0.039,49.8,103570.0,90.0,0.033,62.79,130610.0,40.0,0.015,62.89,130800.0,30.0,0.012,82.28,171150.0
364,55.0,Wisconsin,15-1242,Database Administrators,detailed,,,,,1380.0,0.501,41.9,87160.0,1120.0,0.398,44.99,93590.0,1110.0,0.386,46.08,95840.0,1380.0,0.473,50.26,104550.0
365,55.0,Wisconsin,15-1243,Database Architects,detailed,,,,,730.0,0.265,50.91,105890.0,610.0,0.216,58.54,121770.0,410.0,0.143,62.59,130180.0,360.0,0.123,67.68,140770.0
366,55.0,Wisconsin,15-2031,Operations Research Analysts,detailed,1900.0,0.702,39.9,82980.0,1670.0,0.607,43.7,90900.0,2770.0,0.982,41.97,87290.0,3570.0,1.238,39.3,81750.0,4080.0,1.395,37.92,78880.0
367,55.0,Wisconsin,15-2041,Statisticians,detailed,540.0,0.199,33.67,70040.0,580.0,0.21,31.32,65140.0,290.0,0.104,42.54,88480.0,230.0,0.081,44.26,92070.0,250.0,0.087,46.25,96200.0
368,55.0,Wisconsin,15-2051,Data Scientists,detailed,,,,,1490.0,0.541,34.48,71710.0,2740.0,0.971,43.63,90760.0,3090.0,1.07,50.6,105250.0,3640.0,1.243,50.74,105540.0
369,56.0,Wyoming,15-1211,Computer Systems Analysts,detailed,250.0,0.968,31.81,66170.0,140.0,0.553,35.09,72990.0,160.0,0.596,34.64,72040.0,240.0,0.888,53.53,111340.0,320.0,1.165,45.94,95560.0
370,56.0,Wyoming,15-1242,Database Administrators,detailed,,,,,110.0,0.424,34.52,71800.0,110.0,0.415,35.3,73420.0,120.0,0.425,39.72,82620.0,100.0,0.376,35.24,73300.0
371,56.0,Wyoming,15-1243,Database Architects,detailed,,,,,110.0,0.411,26.28,54660.0,,,,,120.0,0.426,29.39,61130.0,130.0,0.45,33.12,68880.0
372,56.0,Wyoming,15-2041,Statisticians,detailed,40.0,0.15,,,30.0,0.126,55.73,115920.0,30.0,0.119,63.31,131680.0,40.0,0.129,51.48,107080.0,,,,
373,56.0,Wyoming,15-2051,Data Scientists,detailed,,,,,,,,,40.0,0.15,61.95,128860.0,,,60.25,125330.0,,,41.1,85480.0
374,66.0,Guam,15-1211,Computer Systems Analysts,detailed,80.0,1.231,24.61,51200.0,,,,,,,,,,,,,,,,
375,66.0,Guam,15-2031,Operations Research Analysts,detailed,,,,,,,,,30.0,0.52,19.4,40350.0,,,,,,,,
376,72.0,Puerto Rico,15-1211,Computer Systems Analysts,detailed,1220.0,1.487,26.1,54290.0,980.0,1.157,26.23,54560.0,1140.0,1.268,28.75,59810.0,1330.0,1.432,29.02,60360.0,1310.0,1.399,29.77,61920.0
377,72.0,Puerto Rico,15-1242,Database Administrators,detailed,,,,,280.0,0.335,23.24,48340.0,350.0,0.39,27.6,57410.0,290.0,0.317,27.32,56830.0,230.0,0.241,27.86,57950.0
378,72.0,Puerto Rico,15-1243,Database Architects,detailed,,,,,40.0,0.052,35.8,74470.0,70.0,0.073,33.66,70010.0,100.0,0.104,35.38,73590.0,80.0,0.088,37.58,78160.0
379,72.0,Puerto Rico,15-2031,Operations Research Analysts,detailed,40.0,0.044,34.74,72250.0,,,,,30.0,0.037,34.91,72620.0,,,29.89,62160.0,60.0,0.061,33.19,69040.0
380,72.0,Puerto Rico,15-2041,Statisticians,detailed,210.0,0.259,17.92,37260.0,300.0,0.356,19.54,40640.0,250.0,0.283,20.2,42020.0,240.0,0.255,20.98,43640.0,380.0,0.405,23.71,49310.0
381,72.0,Puerto Rico,15-2051,Data Scientists,detailed,,,,,,,,,70.0,0.081,31.21,64910.0,90.0,0.097,34.65,72070.0,120.0,0.122,34.79,72370.0
382,78.0,Virgin Islands,15-1211,Computer Systems Analysts,detailed,,,27.15,56470.0,40.0,1.212,29.46,61280.0,50.0,1.406,29.98,62370.0,40.0,1.208,29.96,62320.0,50.0,1.327,31.5,65530.0
